Model,MAE,RMSE,MAPE (%)
Seasonal Naive (baseline),42.5,60.18886940290538,12.422769983457483
Prophet,26.716198725019588,35.90769220036183,7.889024062450137
